ID,Customer_ID,Month,Name,Age,SSN,Occupation,Annual_Income,Monthly_Inhand_Salary,Num_Bank_Accounts,Num_Credit_Card,Interest_Rate,Num_of_Loan,Type_of_Loan,Delay_from_due_date,Num_of_Delayed_Payment,Changed_Credit_Limit,Num_Credit_Inquiries,Credit_Mix,Outstanding_Debt,Credit_Utilization_Ratio,Credit_History_Age,Payment_of_Min_Amount,Total_EMI_per_month,Amount_invested_monthly,Payment_Behaviour,Monthly_Balance,Credit_Score,predicted
0x1602,CUS_0xd40,January,Aaron Maashoh,23,821-00-0265,Scientist,19114.12,1824.843333,3,4,3,4,"Auto Loan, Credit-Builder Loan, Personal Loan, and Home Equity Loan",3,7,11.27,4.0,_,809.98,26.82261962,22 Years and 1 Months,No,49.57494921,80.41529544,High_spent_Small_value_payments,312.4940887,Good,Good
0x1603,CUS_0xd40,February,Aaron Maashoh,23,821-00-0265,Scientist,19114.12,,3,4,3,4,"Auto Loan, Credit-Builder Loan, Personal Loan, and Home Equity Loan",-1,,11.27,4.0,Good,809.98,31.94496006,,No,49.57494921,118.2802216,Low_spent_Large_value_payments,284.6291625,Good,Good
0x1604,CUS_0xd40,March,Aaron Maashoh,-500,821-00-0265,Scientist,19114.12,,3,4,3,4,"Auto Loan, Credit-Builder Loan, Personal Loan, and Home Equity Loan",3,7,_,4.0,Good,809.98,28.60935202,22 Years and 3 Months,No,49.57494921,81.69952126,Low_spent_Medium_value_payments,331.2098629,Good,Good
0x1605,CUS_0xd40,April,Aaron Maashoh,23,821-00-0265,Scientist,19114.12,,3,4,3,4,"Auto Loan, Credit-Builder Loan, Personal Loan, and Home Equity Loan",5,4,6.27,4.0,Good,809.98,31.37786187,22 Years and 4 Months,No,49.57494921,199.4580744,Low_spent_Small_value_payments,223.4513097,Good,Good
0x1606,CUS_0xd40,May,Aaron Maashoh,23,821-00-0265,Scientist,19114.12,1824.843333,3,4,3,4,"Auto Loan, Credit-Builder Loan, Personal Loan, and Home Equity Loan",6,,11.27,4.0,Good,809.98,24.79734691,22 Years and 5 Months,No,49.57494921,41.42015309,High_spent_Medium_value_payments,341.489231,Good,Standard
0x1607,CUS_0xd40,June,Aaron Maashoh,23,821-00-0265,Scientist,19114.12,,3,4,3,4,"Auto Loan, Credit-Builder Loan, Personal Loan, and Home Equity Loan",8,4,9.27,4.0,Good,809.98,27.26225871,22 Years and 6 Months,No,49.57494921,62.43017233,!@9#%8,340.4792118,Good,Good
0x1608,CUS_0xd40,July,Aaron Maashoh,23,821-00-0265,Scientist,19114.12,1824.843333,3,4,3,4,"Auto Loan, Credit-Builder Loan, Personal Loan, and Home Equity Loan",3,8_,11.27,4.0,Good,809.98,22.53759303,22 Years and 7 Months,No,49.57494921,178.3440674,Low_spent_Small_value_payments,244.5653167,Good,Good
0x1609,CUS_0xd40,August,,23,#F%$D@*&8,Scientist,19114.12,1824.843333,3,4,3,4,"Auto Loan, Credit-Builder Loan, Personal Loan, and Home Equity Loan",3,6,11.27,4.0,Good,809.98,23.9337948,,No,49.57494921,24.78521651,High_spent_Medium_value_payments,358.1241676,Standard,Standard
0x160e,CUS_0x21b1,January,Rick Rothackerj,28_,004-07-5839,_______,34847.84,3037.986667,2,4,6,1,Credit-Builder Loan,3,4,5.42,2.0,Good,605.03,24.46403064,26 Years and 7 Months,No,18.81621457,104.2918252,Low_spent_Small_value_payments,470.6906269,Standard,Good
0x160f,CUS_0x21b1,February,Rick Rothackerj,28,004-07-5839,Teacher,34847.84,3037.986667,2,4,6,1,Credit-Builder Loan,7,1,7.42,2.0,Good,605.03,38.55084843,26 Years and 8 Months,No,18.81621457,40.39123783,High_spent_Large_value_payments,484.5912143,Good,Good
0x1610,CUS_0x21b1,March,Rick Rothackerj,28,004-07-5839,Teacher,34847.84_,3037.986667,2,1385,6,1,Credit-Builder Loan,3,-1,5.42,2.0,_,605.03,33.22495079,26 Years and 9 Months,No,18.81621457,58.5159757,High_spent_Large_value_payments,466.4664764,Standard,Good
0x1611,CUS_0x21b1,April,Rick Rothackerj,28,004-07-5839,Teacher,34847.84,,2,4,6,1,Credit-Builder Loan,3,3_,5.42,2.0,Good,605.03,39.18265566,26 Years and 10 Months,No,18.81621457,99.30622796,Low_spent_Medium_value_payments,465.6762241,Good,Good
0x1612,CUS_0x21b1,May,Rick Rothackerj,28,004-07-5839,Teacher,34847.84,3037.986667,2,4,6,1,Credit-Builder Loan,3,1,6.42,2.0,Good,605.03,34.97789475,26 Years and 11 Months,No,18.81621457,130.1154202,Low_spent_Small_value_payments,444.8670319,Good,Good
0x1613,CUS_0x21b1,June,Rick Rothackerj,28,004-07-5839,Teacher,34847.84,3037.986667,2,4,6,1,Credit-Builder Loan,3,0,5.42,2.0,Good,605.03,33.3810102,27 Years and 0 Months,No,18.81621457,43.47719014,High_spent_Large_value_payments,481.5052619,Good,Good
0x1614,CUS_0x21b1,July,Rick Rothackerj,28,004-07-5839,Teacher,34847.84,,2,4,6,1,Credit-Builder Loan,3,4,5.42,2.0,Good,605.03,31.13170161,27 Years and 1 Months,NM,18.81621457,70.10177421,High_spent_Medium_value_payments,464.8806779,Good,Good
0x1615,CUS_0x21b1,August,Rick Rothackerj,28,004-07-5839,Teacher,34847.84,3037.986667,2,4,6,1,Credit-Builder Loan,3,4,5.42,2.0,Good,605.03,32.93385629,27 Years and 2 Months,No,18.81621457,218.9043435,Low_spent_Small_value_payments,356.0781086,Good,Good
0x161a,CUS_0x2dbc,January,Langep,34,486-85-3974,_______,143162.64,12187.22,1,5,8,3,"Auto Loan, Auto Loan, and Not Specified",5,8,7.1,3.0,Good,1303.01,28.61673482,17 Years and 9 Months,No,246.9923195,168.4137027,!@9#%8,1043.315978,Good,Good
0x161b,CUS_0x2dbc,February,,34,486-85-3974,Engineer,143162.64,12187.22,1,5,8,3,"Auto Loan, Auto Loan, and Not Specified",13,6,7.1,3.0,Good,1303.01,41.70257342,17 Years and 10 Months,No,246.9923195,232.8603838,High_spent_Small_value_payments,998.8692968,Good,Good
0x161c,CUS_0x2dbc,March,Langep,34,486-85-3974,_______,143162.64,,1,5,8,3,"Auto Loan, Auto Loan, and Not Specified",8,7,11.1,,Good,1303.01,26.51981539,17 Years and 11 Months,No,246.9923195,__10000__,High_spent_Small_value_payments,715.7413674,Good,Good
0x161d,CUS_0x2dbc,April,Langep,34,486-85-3974,Engineer,143162.64,12187.22,1,5,8,3,"Auto Loan, Auto Loan, and Not Specified",8,5,9.1,3.0,_,1303.01,39.50164811,,No,246.9923195,825.2162699,Low_spent_Medium_value_payments,426.5134106,Good,Good
0x161e,CUS_0x2dbc,May,Langep,34,486-85-3974,_______,143162.64,12187.22,1,5,8,3,"Auto Loan, Auto Loan, and Not Specified",10,5,7.1,3.0,Good,1303.01,31.37614957,18 Years and 1 Months,No,246.9923195,430.9475279,Low_spent_Large_value_payments,810.7821527,Good,Good
0x161f,CUS_0x2dbc,June,Langep,34,486-85-3974,Engineer,143162.64,12187.22,1,5,8,967,"Auto Loan, Auto Loan, and Not Specified",8,6,7.1,3.0,Good,1303.01,39.78399346,18 Years and 2 Months,No,246.9923195,257.8080994,High_spent_Medium_value_payments,963.9215811,Good,Good
0x1620,CUS_0x2dbc,July,,34,486-85-3974,Engineer,143162.64,12187.22,1,5,8,3,"Auto Loan, Auto Loan, and Not Specified",8,6,7.1,3.0,Good,1303.01,38.06862363,18 Years and 3 Months,No,246.9923195,263.1741632,High_spent_Small_value_payments,968.5555174,Standard,Standard
0x1621,CUS_0x2dbc,August,Langep,34,486-85-3974,Engineer,143162.64,12187.22,1,5,8,3,"Auto Loan, Auto Loan, and Not Specified",8,6,7.1,3.0,Good,1303.01,38.37475295,18 Years and 4 Months,No,246.9923195,__10000__,High_spent_Small_value_payments,895.4945832,Standard,Standard
0x1626,CUS_0xb891,January,Jasond,54,072-31-6145,Entrepreneur,30689.89,2612.490833,2,5,4,1,Not Specified,0,6,1.99,4.0,Good,632.46,26.54422872,17 Years and 3 Months,No,16.41545166,81.22885871,Low_spent_Large_value_payments,433.604773,Standard,Standard
0x1627,CUS_0xb891,February,Jasond,54,072-31-6145,Entrepreneur,30689.89,2612.490833,2,5,4,1,Not Specified,5,3,1.99,4.0,Good,632.46,35.27998178,17 Years and 4 Months,No,16.41545166,124.8818199,Low_spent_Small_value_payments,409.9518118,Standard,Standard
0x1628,CUS_0xb891,March,Jasond,55,072-31-6145,Entrepreneur,30689.89,2612.490833,2,5,4,1,Not Specified,3,9,1.99,4.0,Good,632.46,32.30116343,17 Years and 5 Months,NM,16.41545166,83.4065088,High_spent_Medium_value_payments,411.4271229,Standard,Standard
0x1629,CUS_0xb891,April,Jasond,55,072-31-6145,Entrepreneur,30689.89_,2612.490833,2,5,4,1,Not Specified,7,6,-2.01,4.0,Good,632.46,38.13234819,17 Years and 6 Months,No,16.41545166,272.3340374,Low_spent_Small_value_payments,262.4995943,Standard,Standard
0x162a,CUS_0xb891,May,Jasond,55,072-31-6145,Entrepreneur,30689.89,2612.490833,2,5,4,1,Not Specified,5,6,-1.01,4.0,Good,632.46,41.15431655,17 Years and 7 Months,No,16.41545166,__10000__,Low_spent_Large_value_payments,359.3749155,Standard,Standard
0x162b,CUS_0xb891,June,Jasond,55,#F%$D@*&8,_______,30689.89,2612.490833,2,5,4,1,Not Specified,5,6,-3.01,4.0,_,632.46,27.44542179,17 Years and 8 Months,No,16.41545166,84.95284817,High_spent_Small_value_payments,419.8807835,Standard,Standard
0x162c,CUS_0xb891,July,Jasond,55,072-31-6145,Entrepreneur,30689.89,2612.490833,2,5,4,1,Not Specified,5,,1.99,4.0,Good,632.46,26.05639528,17 Years and 9 Months,No,16.41545166,71.28367488,Low_spent_Large_value_payments,443.5499568,Standard,Standard
0x162d,CUS_0xb891,August,Jasond,55,072-31-6145,Entrepreneur,30689.89,2612.490833,2,5,4,-100,Not Specified,4,9,1.99,4.0,Good,632.46,27.33251493,17 Years and 10 Months,No,16.41545166,125.6172505,High_spent_Small_value_payments,379.2163811,Standard,Standard
0x1632,CUS_0x1cdb,January,Deepaa,21,615-06-7821,Developer,35547.71_,2853.309167,7,5,5,0,,5,,2.58,4.0,Standard,943.86,39.79776423,30 Years and 8 Months,Yes,0.0,276.7253943,!@9#%8,288.6055223,Standard,Standard
0x1633,CUS_0x1cdb,February,Deepaa,21,615-06-7821,Developer,35547.71,,7,5,5,0,,9,,2.58,4.0,Standard,943.86,27.02036025,30 Years and 9 Months,NM,0.0,74.44364105,High_spent_Medium_value_payments,460.8872756,Standard,Standard
0x1634,CUS_0x1cdb,March,Deepaa,21,615-06-7821,Developer,35547.71,2853.309167,7,5,5,-100,,5,12,2.58,4.0,Standard,943.86,23.46230304,30 Years and 10 Months,Yes,0.0,173.138651,Low_spent_Medium_value_payments,392.1922657,Standard,Standard
0x1635,CUS_0x1cdb,April,Deepaa,21,615-06-7821,Developer,35547.71,2853.309167,7,5,5,0,,1,15,2.58,4.0,_,943.86,28.92495378,30 Years and 11 Months,Yes,0.0,96.78548509,High_spent_Medium_value_payments,438.5454316,Standard,Standard
0x1636,CUS_0x1cdb,May,Deepaa,21,615-06-7821,Developer,35547.71,2853.309167,7,5,5,0,,9,17,2.58,4.0,_,943.86,41.77618715,31 Years and 0 Months,Yes,0.0,62.72327834,High_spent_Small_value_payments,482.6076383,Standard,Standard
0x1637,CUS_0x1cdb,June,Deepaa,21,615-06-7821,Developer,35547.71,,7,5,5,0_,,5,15,2.58,4.0,Standard,943.86,29.21755633,31 Years and 1 Months,Yes,0.0,37.64363789,High_spent_Medium_value_payments,497.6872788,Standard,Standard
0x1638,CUS_0x1cdb,July,Deepaa,21,615-06-7821,Developer,35547.71,2853.309167,7,5,5,0,,10,15,2.58,4.0,Standard,943.86,26.26382269,31 Years and 2 Months,Yes,0.0,181.0119827,Low_spent_Small_value_payments,394.3189339,Standard,Standard
0x1639,CUS_0x1cdb,August,Deepaa,21,615-06-7821,Developer,35547.71,2853.309167,7,5,5,-100,,1,15,2.58,4.0,Standard,943.86,25.86292247,31 Years and 3 Months,Yes,0.0,181.330901,High_spent_Small_value_payments,364.0000157,Standard,Standard
0x163e,CUS_0x95ee,January,Np,31,612-70-8987,Lawyer,73928.46,,4,1288,8,0,,12,10,10.14,2.0,Good,548.2,39.96268501,,No,15015.0,98.67440994,High_spent_Large_value_payments,740.1960901,Good,Good
0x163f,CUS_0x95ee,February,Np,31,612-70-8987,_______,73928.46,5988.705,4,5,8,0,,8,7,10.14,2.0,Good,548.2,42.7698644,32 Years and 0 Months,NM,0.0,172.9392145,Low_spent_Medium_value_payments,705.9312855,Good,Good
0x1640,CUS_0x95ee,March,Np,31,612-70-8987,Lawyer,73928.46,5988.705,4,5,8,0,,8,7,10.14,2.0,Good,548.2,40.71218653,,No,0.0,150.0597343,High_spent_Medium_value_payments,698.8107657,Good,Good
0x1641,CUS_0x95ee,April,Np,31,612-70-8987,Lawyer,73928.46,5988.705,4,5,8,0,,8,7,10.14,2.0,Good,548.2,30.20165771,32 Years and 2 Months,No,0.0,618.2023913,Low_spent_Small_value_payments,270.6681087,Good,Good
0x1642,CUS_0x95ee,May,Np,31,612-70-8987,Lawyer,73928.46,5988.705,4,5,5318,0,,11,7,10.14,2.0,_,548.2,26.33331043,32 Years and 3 Months,No,0.0,177.9518357,Low_spent_Large_value_payments,690.9186643,Good,Good
0x1643,CUS_0x95ee,June,Np,31,612-70-8987,Lawyer,73928.46,5988.705,4,5,8,0,,7,7,10.14,2.0,Good,548.2,35.27543652,,No,15515.0,235.790325,Low_spent_Large_value_payments,633.080175,Good,Good
0x1644,CUS_0x95ee,July,Np,31,612-70-8987,Lawyer,73928.46,5988.705,4,5,8,0,,8,4,9.14,2.0,_,548.2,36.62479126,32 Years and 5 Months,No,0.0,348.5093995,High_spent_Small_value_payments,510.3611005,Standard,Standard
0x1645,CUS_0x95ee,August,Np,31,612-70-8987,Lawyer,73928.46,5988.705,4,5,8,0,,8,7,10.14,,Good,548.2,31.58098967,32 Years and 6 Months,No,0.0,42.63559025,!@9#%8,796.2349097,Good,Good
0x164a,CUS_0x284a,January,Nadiaq,33,411-51-0676,Lawyer,131313.4,11242.78333,0,1,8,2,"Credit-Builder Loan, and Mortgage Loan",0,3,9.34,2.0,Good,352.16,32.200509,30 Years and 7 Months,NM,137.6446054,378.1712535,High_spent_Medium_value_payments,858.4624744,Good,Good
0x164b,CUS_0x284a,February,Nadiaq,34,411-51-0676,Lawyer,131313.4,11242.78333,0,1,8,2,"Credit-Builder Loan, and Mortgage Loan",-1,2,15.34,4.0,Good,352.16,31.98371001,30 Years and 8 Months,No,137.6446054,698.8732707,High_spent_Small_value_payments,547.7604572,Good,Good
0x164c,CUS_0x284a,March,Nadiaq,34,411-51-0676,Lawyer,131313.4,10469.20776,0,1,8,2,"Credit-Builder Loan, and Mortgage Loan",0,3,9.34,4.0,Good,352.16,31.8031345,30 Years and 9 Months,NM,911.2201793,188.0643211,High_spent_Large_value_payments,1038.569407,Good,Good
0x164d,CUS_0x284a,April,Nadiaq,34,#F%$D@*&8,Lawyer,131313.4,10469.20776,0,1,8,2,"Credit-Builder Loan, and Mortgage Loan",0,2,8.34,4.0,Good,352.16,42.6457849,30 Years and 10 Months,No,23834.0,337.4349563,High_spent_Medium_value_payments,899.1987716,Good,Good
0x164e,CUS_0x284a,May,Nadiaq,34,411-51-0676,Lawyer,131313.4,10469.20776,0,1,8,2,"Credit-Builder Loan, and Mortgage Loan",0,4,9.34,4.0,Good,352.16,40.90251715,30 Years and 11 Months,No,32662.0,263.3789089,High_spent_Large_value_payments,963.254819,Good,Good
0x164f,CUS_0x284a,June,Nadiaq,34,411-51-0676,Lawyer,131313.4,,0,1,8,-100,"Credit-Builder Loan, and Mortgage Loan",0,3_,11.34,4.0,Good,352.16,41.98016961,31 Years and 0 Months,No,911.2201793,86.56638801,High_spent_Large_value_payments,1140.06734,Standard,Standard
0x1650,CUS_0x284a,July,Nadiaq,34_,#F%$D@*&8,Lawyer,10909427,,0,1,8,2,"Credit-Builder Loan, and Mortgage Loan",0,2_,9.34,4.0,Good,352.16,26.94756515,31 Years and 1 Months,No,911.2201793,930.3918978,!@9#%8,326.2418302,Good,Good
0x1651,CUS_0x284a,August,Nadiaq,34,411-51-0676,Lawyer,131313.4,10469.20776,0,1,8,2,"Credit-Builder Loan, and Mortgage Loan",0,2,9.34,4.0,Good,352.16,29.18791265,31 Years and 2 Months,No,911.2201793,870.5223817,Low_spent_Medium_value_payments,396.1113462,Good,Good
0x1656,CUS_0x5407,January,Annk,7580,500-92-6408,Media_Manager,34081.38_,,8,7,15,3,"Not Specified, Auto Loan, and Student Loan",30,11,17.13,5.0,Standard,1704.18,24.44806275,,NM,70.47833267,162.4410092,Low_spent_Large_value_payments,298.1921581,Poor,Poor
0x1657,CUS_0x5407,February,Annk,30,500-92-6408,Media_Manager,34081.38,2611.115,8,7,15,3,"Not Specified, Auto Loan, and Student Loan",30,14,17.13,5.0,_,1704.18,35.17116002,14 Years and 8 Months,Yes,70.47833267,38.43698276,High_spent_Large_value_payments,392.1961846,Poor,Poor
0x1658,CUS_0x5407,March,Annk,30_,500-92-6408,Media_Manager,34081.38,,8,7,15,3,"Not Specified, Auto Loan, and Student Loan",31,14,17.13,5.0,Standard,1704.18,35.11155247,14 Years and 9 Months,Yes,70.47833267,199.7207655,Low_spent_Large_value_payments,260.9124018,Poor,Poor
0x1659,CUS_0x5407,April,Annk,30,500-92-6408,_______,34081.38,2611.115,8,7,15,3,"Not Specified, Auto Loan, and Student Loan",34,14,21.13,5.0,_,1704.18,29.76215931,14 Years and 10 Months,Yes,70.47833267,220.5521919,Low_spent_Small_value_payments,260.0809754,Poor,Poor
0x165a,CUS_0x5407,May,Annk,30,500-92-6408,_______,34081.38,2611.115,8,7,15,3,"Not Specified, Auto Loan, and Student Loan",27,14,17.13,5.0,_,1704.18,30.20621422,14 Years and 11 Months,Yes,70.47833267,,High_spent_Large_value_payments,397.2283547,Standard,Standard
0x165b,CUS_0x5407,June,Annk,30,500-92-6408,Media_Manager,34081.38,2611.115,8,7,15,-100,"Not Specified, Auto Loan, and Student Loan",30,14,18.13,5.0,Standard,1704.18,31.17087232,15 Years and 0 Months,Yes,70.47833267,,!@9#%8,410.6743661,Standard,Standard
0x165c,CUS_0x5407,July,Annk,30,500-92-6408,Media_Manager,34081.38,,8,7,15,3,"Not Specified, Auto Loan, and Student Loan",30,11,17.13,5.0,Standard,1704.18,38.43850508,15 Years and 1 Months,NM,70.47833267,55.45978064,High_spent_Small_value_payments,395.1733867,Standard,Standard
0x165d,CUS_0x5407,August,Annk,30,500-92-6408,Media_Manager,34081.38,2611.115,8,7,15,3,"Not Specified, Auto Loan, and Student Loan",30,14,17.13,9.0,_,1704.18,33.82348834,15 Years and 2 Months,Yes,70.47833267,29.32636371,High_spent_Medium_value_payments,411.3068036,Poor,Poor
0x1662,CUS_0x4157,January,,23,070-19-1622,Doctor,114838.41,9843.8675,2,5,7,-100,"Personal Loan, Debt Consolidation Loan, and Auto Loan",13,11,8.24,3.0,Good,1377.74,33.66455429,21 Years and 4 Months,No,226.8927919,215.1935159,High_spent_Small_value_payments,802.3004421,Good,Good
0x1663,CUS_0x4157,February,Charlie Zhur,23,070-19-1622,Doctor,114838.41,9843.8675,2,5,7,3,"Personal Loan, Debt Consolidation Loan, and Auto Loan",14,8,_,3.0,Good,1377.74,27.62632549,21 Years and 5 Months,NM,226.8927919,212.2356022,High_spent_Large_value_payments,785.2583559,Good,Good
0x1664,CUS_0x4157,March,Charlie Zhur,23,070-19-1622,Doctor,114838.41_,,2,5,7,3,"Personal Loan, Debt Consolidation Loan, and Auto Loan",11,11,_,3.0,Good,1377.74,35.1415673,21 Years and 6 Months,NM,226.8927919,470.3857957,High_spent_Small_value_payments,547.1081624,Good,Standard
0x1665,CUS_0x4157,April,Charlie Zhur,23,070-19-1622,Doctor,114838.41,,2,5,7,3,"Personal Loan, Debt Consolidation Loan, and Auto Loan",11,14,8.24,8.0,Good,1377.74,30.45903184,21 Years and 7 Months,No,226.8927919,225.0820495,!@9#%8,772.4119086,Good,Good
0x1666,CUS_0x4157,May,Charlie Zhur,23,070-19-1622,Doctor,114838.41,9843.8675,2,5,7,3,"Personal Loan, Debt Consolidation Loan, and Auto Loan",11,11,11.24,8.0,Good,1377.74,29.81918663,21 Years and 8 Months,No,226.8927919,649.8093642,High_spent_Small_value_payments,367.6845939,Standard,Good
0x1667,CUS_0x4157,June,Charlie Zhur,24,070-19-1622,Doctor,114838.41,9843.8675,2,5,7,3,"Personal Loan, Debt Consolidation Loan, and Auto Loan",13,14,8.24,8.0,_,1377.74,26.11421387,21 Years and 9 Months,NM,226.8927919,546.3805705,!@9#%8,491.1133876,Good,Good
0x1668,CUS_0x4157,July,Charlie Zhur,24,070-19-1622,Doctor,114838.41,9843.8675,2,5,7,3,"Personal Loan, Debt Consolidation Loan, and Auto Loan",11,,8.24,8.0,Good,1377.74,31.76751565,21 Years and 10 Months,No,226.8927919,215.4682977,High_spent_Medium_value_payments,792.0256603,Good,Good
0x1669,CUS_0x4157,August,Charlie Zhur,24_,070-19-1622,Doctor,114838.41,9843.8675,2,5,7,3,"Personal Loan, Debt Consolidation Loan, and Auto Loan",11,11,8.24,8.0,Good,1377.74,27.81335364,21 Years and 11 Months,No,226.8927919,254.5717672,High_spent_Large_value_payments,742.9221908,Standard,Standard
0x166e,CUS_0xba08,January,Jamesj,44,366-68-1681,Journalist,31370.8,2825.233333,0,5,12,2,"Not Specified, and Payday Loan",4,0,5.76,2.0,Good,421.43,29.51935256,,NM,46.61612907,154.3527811,High_spent_Small_value_payments,341.5544232,Good,Good
0x166f,CUS_0xba08,February,Jamesj,44,366-68-1681,Journalist,31370.8,2825.233333,1,6,12,2,"Not Specified, and Payday Loan",2,0,-1.24,2.0,Good,421.43,28.22048096,26 Years and 6 Months,No,46.61612907,298.7444693,Low_spent_Small_value_payments,227.1627349,Good,Good
0x1670,CUS_0xba08,March,Jamesj,44,366-68-1681,Journalist,31370.8,2825.233333,1,6,12,2,"Not Specified, and Payday Loan",-2,0,1.76,5.0,Good,421.43,31.04641791,26 Years and 7 Months,No,46.61612907,140.820696,Low_spent_Medium_value_payments,375.0865083,Good,Good
0x1671,CUS_0xba08,April,Jamesj,44,366-68-1681,Journalist,31370.8,2825.233333,1,6,12,2,"Not Specified, and Payday Loan",1,0,5.76,5.0,_,421.43,30.1680304,26 Years and 8 Months,No,46.61612907,233.6055264,Low_spent_Small_value_payments,292.3016778,Good,Good
0x1672,CUS_0xba08,May,Jamesj,44,366-68-1681,Journalist,31370.8,2825.233333,1,6,12,2,"Not Specified, and Payday Loan",1,0,5.76,5.0,_,421.43,25.18923173,26 Years and 9 Months,No,16415.0,184.7005716,Low_spent_Small_value_payments,341.2066326,Good,Good
0x1673,CUS_0xba08,June,Jamesj,44,366-68-1681,Journalist,31370.8,2825.233333,1,6,12,2,"Not Specified, and Payday Loan",1,0,5.76,5.0,Good,421.43,25.50246855,,No,46.61612907,137.7174249,Low_spent_Medium_value_payments,378.1897794,Good,Good
0x1674,CUS_0xba08,July,Jamesj,45,366-68-1681,Journalist,31370.8,2825.233333,1,6,12,-100,"Not Specified, and Payday Loan",-1,2,5.76,5.0,Good,421.43,22.76220217,26 Years and 11 Months,No,46.61612907,188.3949005,Low_spent_Small_value_payments,337.5123038,Good,Good
0x1675,CUS_0xba08,August,Jamesj,45,366-68-1681,Journalist,31370.8,,1,6,12,2,"Not Specified, and Payday Loan",-2,2,5.76,5.0,_,421.43,37.56505277,27 Years and 0 Months,No,46.61612907,252.6448272,Low_spent_Small_value_payments,273.2623771,Good,Good
0x167a,CUS_0xa66b,January,,40,221-30-8554,Teacher,33751.27,2948.605833,5,5,20,3_,"Credit-Builder Loan, Personal Loan, and Auto Loan",16,20,11,4.0,Standard,1328.93,37.08907565,19 Years and 2 Months,NM,65.00817429,117.3066971,High_spent_Medium_value_payments,362.5457119,Standard,Standard
0x167b,CUS_0xa66b,February,Saphirj,40,221-30-8554,Teacher,33751.27,2948.605833,5,5,20,3,"Credit-Builder Loan, Personal Loan, and Auto Loan",16,20,11,4.0,Standard,1328.93,30.90808063,19 Years and 3 Months,Yes,65.00817429,70.13107792,High_spent_Large_value_payments,399.7213311,Standard,Poor
0x167c,CUS_0xa66b,March,Saphirj,40,221-30-8554,_______,33751.27,,5,5,20,3,"Credit-Builder Loan, Personal Loan, and Auto Loan",16,20,11,8.0,Standard,1328.93,38.03072168,19 Years and 4 Months,Yes,65.00817429,270.1825822,Low_spent_Large_value_payments,229.6698268,Standard,Poor
0x167d,CUS_0xa66b,April,Saphirj,40,221-30-8554,Teacher,33751.27,2948.605833,5,5,20,3,"Credit-Builder Loan, Personal Loan, and Auto Loan",17,22,11,8.0,Standard,1328.93,23.40441278,19 Years and 5 Months,Yes,65.00817429,25.19256191,High_spent_Large_value_payments,444.6598471,Standard,Standard
0x167e,CUS_0xa66b,May,Saphirj,40,221-30-8554,Teacher,33751.27,2948.605833,5,5,20,3_,"Credit-Builder Loan, Personal Loan, and Auto Loan",16,20,8,8.0,Standard,1328.93,29.07375818,19 Years and 6 Months,Yes,65.00817429,243.3296848,Low_spent_Small_value_payments,276.5227243,Standard,Standard
0x167f,CUS_0xa66b,June,Saphirj,40,221-30-8554,Teacher,33751.27,2948.605833,5,5,20,3,"Credit-Builder Loan, Personal Loan, and Auto Loan",16,20,11,8.0,Standard,1328.93,32.78263673,19 Years and 7 Months,Yes,65.00817429,72.86008181,High_spent_Medium_value_payments,406.9923272,Standard,Poor
0x1680,CUS_0xa66b,July,Saphirj,40,221-30-8554,Teacher,33751.27,2948.605833,5,5,20,3,"Credit-Builder Loan, Personal Loan, and Auto Loan",16,20,11,8.0,Standard,1328.93,35.58400505,19 Years and 8 Months,Yes,65.00817429,35.42716954,!@9#%8,444.4252395,Standard,Standard
0x1681,CUS_0xa66b,August,Saphirj,41,221-30-8554,Teacher,33751.27,2948.605833,5,5,20,3,"Credit-Builder Loan, Personal Loan, and Auto Loan",16,17,11,8.0,Standard,1328.93_,31.13948358,,Yes,65.00817429,25.96961191,High_spent_Large_value_payments,443.8827971,Standard,Standard
0x1686,CUS_0xc0ab,January,Soyoungd,32,342-90-2649,Engineer,88640.24,7266.686667,3,6,1,2,"Payday Loan, and Payday Loan",-1,0,3.51,3.0,Good,950.36,28.21061721,25 Years and 5 Months,No,135.173371,98.93176402,High_spent_Large_value_payments,732.5635317,Standard,Standard
0x1687,CUS_0xc0ab,February,Soyoungd,33_,342-90-2649,Engineer,88640.24,7266.686667,3,6,433,2,"Payday Loan, and Payday Loan",4,2,3.51,3.0,Good,950.36,41.03616828,25 Years and 6 Months,NM,135.173371,157.1747883,High_spent_Large_value_payments,674.3205074,Good,Good
0x1688,CUS_0xc0ab,March,Soyoungd,33,342-90-2649,Engineer,88640.24,7266.686667,3,6,1,2,"Payday Loan, and Payday Loan",4,0,3.51,3.0,Good,950.36,34.67019438,25 Years and 7 Months,No,135.173371,298.1889115,High_spent_Medium_value_payments,543.3063842,Standard,Good
0x1689,CUS_0xc0ab,April,Soyoungd,33,342-90-2649,Engineer,88640.24,7266.686667,3,6,1,2,"Payday Loan, and Payday Loan",4,2,3.51,3.0,Good,950.36,31.82853557,25 Years and 8 Months,No,135.173371,,Low_spent_Small_value_payments,86.63611983,Standard,Standard
0x168a,CUS_0xc0ab,May,Soyoungd,33,342-90-2649,Engineer,88640.24,7266.686667,3,6,1,2,"Payday Loan, and Payday Loan",4,2,3.51,3.0,Good,950.36,34.70283693,25 Years and 9 Months,No,135.173371,279.6186221,High_spent_Medium_value_payments,561.8766736,Good,Good
0x168b,CUS_0xc0ab,June,Soyoungd,33,342-90-2649,Engineer,88640.24,7266.686667,3,6,1,2,"Payday Loan, and Payday Loan",4,0,3.51,3.0,Good,950.36,38.32363895,25 Years and 10 Months,No,135.173371,686.1262166,Low_spent_Small_value_payments,195.3690791,Good,Good
0x168c,CUS_0xc0ab,July,Soyoungd,33,342-90-2649,Engineer,88640.24_,,3,6,1,2_,"Payday Loan, and Payday Loan",4,2,3.51,3.0,_,950.36,25.9791728,25 Years and 11 Months,No,80357.0,164.0748219,High_spent_Large_value_payments,667.4204738,Good,Standard
0x168d,CUS_0xc0ab,August,Soyoungd,33,342-90-2649,Engineer,88640.24,7266.686667,3,6,1,2,"Payday Loan, and Payday Loan",-1,,3.51,3.0,Good,950.36,30.87079911,26 Years and 0 Months,No,135.173371,98.44195128,High_spent_Large_value_payments,733.0533444,Good,Good
0x1692,CUS_0x3e45,January,Harriet McLeodd,35,414-53-2918,Entrepreneur,54392.16,4766.68,6,4,14,3,"Not Specified, Student Loan, and Personal Loan",10,8,5.54,3.0,Standard,179.22,25.64924607,26 Years and 10 Months,Yes,124.3920824,243.7354374,Low_spent_Large_value_payments,378.5404802,Standard,Standard
0x1693,CUS_0x3e45,February,Harriet McLeodd,35_,414-53-2918,Entrepreneur,54392.16,4766.68,6,4,14,3,"Not Specified, Student Loan, and Personal Loan",10,10,4.54,3.0,Standard,179.22,29.40877528,26 Years and 11 Months,Yes,124.3920824,142.7518641,High_spent_Medium_value_payments,459.5240535,Standard,Standard
0x1694,CUS_0x3e45,March,Harriet McLeodd,35,#F%$D@*&8,Entrepreneur,54392.16_,,6,4,14,3,"Not Specified, Student Loan, and Personal Loan",15,11,5.54,3.0,_,179.22,31.25892847,27 Years and 0 Months,NM,124.3920824,33.34956859,High_spent_Large_value_payments,558.926349,Standard,Standard
0x1695,CUS_0x3e45,April,Harriet McLeodd,35,414-53-2918,Entrepreneur,54392.16,4766.68,6,4,14,3,"Not Specified, Student Loan, and Personal Loan",10,7,0.54,3.0,Standard,179.22,27.19258741,27 Years and 1 Months,Yes,124.3920824,494.8422277,Low_spent_Small_value_payments,147.4336899,Standard,Standard
0x1696,CUS_0x3e45,May,Harriet McLeodd,35,414-53-2918,Entrepreneur,54392.16,4766.68,6,4,14,3,"Not Specified, Student Loan, and Personal Loan",10,8,11.54,3.0,Standard,179.22,34.59532446,27 Years and 2 Months,Yes,124.3920824,233.1184454,Low_spent_Small_value_payments,409.1574722,Standard,Standard
0x1697,CUS_0x3e45,June,Harriet McLeodd,35,414-53-2918,Entrepreneur,54392.16,4766.68,6,4,14,3,"Not Specified, Student Loan, and Personal Loan",10,8,5.54,3.0,_,179.22,23.1950254,27 Years and 3 Months,Yes,124.3920824,635.1465605,Low_spent_Small_value_payments,7.129357074,Standard,Standard
0x1698,CUS_0x3e45,July,Harriet McLeodd,36,414-53-2918,Entrepreneur,54392.16,4766.68,6,4,14,3,"Not Specified, Student Loan, and Personal Loan",10,8,5.54,7.0,Standard,179.22,35.11253199,27 Years and 4 Months,Yes,124.3920824,158.1124035,Low_spent_Large_value_payments,464.1635141,Standard,Standard
0x1699,CUS_0x3e45,August,Harriet McLeodd,36,414-53-2918,Entrepreneur,54392.16,4766.68,6,4,14,3,"Not Specified, Student Loan, and Personal Loan",10,8,5.54,7.0,Standard,179.22,32.87880507,27 Years and 5 Months,Yes,124.3920824,495.1178979,Low_spent_Small_value_payments,147.1580197,Standard,Standard
0x169e,CUS_0x6c66,January,Sinead Carews,39,328-33-6328,Manager,8701.545,,6,5,32,7,"Personal Loan, Payday Loan, Student Loan, Auto Loan, Home Equity Loan, Student Loan, and Payday Loan",23,9,8.86,6.0,_,2602.69,24.52316385,8 Years and 11 Months,Yes,36.54819717,13.06620992,Low_spent_Large_value_payments,272.2984679,Poor,Poor
0x169f,CUS_0x6c66,February,Sinead Carews,39,328-33-6328,Manager,8701.545,519.12875,6,5,32,7,"Personal Loan, Payday Loan, Student Loan, Auto Loan, Home Equity Loan, Student Loan, and Payday Loan",23,9,8.86,6.0,Standard,2602.69,39.9025176,9 Years and 0 Months,Yes,36.54819717,34.71516394,Low_spent_Large_value_payments,250.6495139,Poor,Poor
0x16a0,CUS_0x6c66,March,Sinead Carews,39,328-33-6328,Manager,8701.545_,519.12875,6,5,32,7,"Personal Loan, Payday Loan, Student Loan, Auto Loan, Home Equity Loan, Student Loan, and Payday Loan",23,,8.86,6.0,Standard,2602.69,36.47591386,9 Years and 1 Months,NM,36.54819717,45.65097554,Low_spent_Large_value_payments,239.7137023,Poor,Poor
0x16a1,CUS_0x6c66,April,Sinead Carews,39,328-33-6328,Manager,8701.545,519.12875,6,5,32,7,"Personal Loan, Payday Loan, Student Loan, Auto Loan, Home Equity Loan, Student Loan, and Payday Loan",22,7,8.86,6.0,Standard,2602.69,32.09749228,9 Years and 2 Months,Yes,36.54819717,20.39018388,Low_spent_Small_value_payments,284.974494,Poor,Poor
0x16a2,CUS_0x6c66,May,Sinead Carews,39,328-33-6328,Manager,8701.545,519.12875,6,5,32,7,"Personal Loan, Payday Loan, Student Loan, Auto Loan, Home Equity Loan, Student Loan, and Payday Loan",22,9,8.86,6.0,Standard,2602.69,37.16937449,9 Years and 3 Months,Yes,36.54819717,50.4869522,Low_spent_Small_value_payments,254.8777256,Poor,Poor
0x16a3,CUS_0x6c66,June,,39,328-33-6328,Manager,8701.545,519.12875,6,5,32,7,"Personal Loan, Payday Loan, Student Loan, Auto Loan, Home Equity Loan, Student Loan, and Payday Loan",23,6,_,6.0,Standard,2602.69,28.57003141,9 Years and 4 Months,Yes,36.54819717,52.93161341,Low_spent_Medium_value_payments,242.4330644,Poor,Poor
0x16a4,CUS_0x6c66,July,,39,328-33-6328,Manager,8701.545,,6,5,32,7,"Personal Loan, Payday Loan, Student Loan, Auto Loan, Home Equity Loan, Student Loan, and Payday Loan",21,9,_,9.0,Standard,2602.69,38.46541541,,Yes,36.54819717,30.4718063,Low_spent_Medium_value_payments,264.8928715,Poor,Poor
0x16a5,CUS_0x6c66,August,Sinead Carews,39,328-33-6328,Manager,8701.545_,519.12875,6,5,32,7,"Personal Loan, Payday Loan, Student Loan, Auto Loan, Home Equity Loan, Student Loan, and Payday Loan",23,9,8.86,9.0,Standard,2602.69,28.81553706,9 Years and 6 Months,NM,36.54819717,,Low_spent_Small_value_payments,264.7720511,Poor,Poor
0x16aa,CUS_0xff4,January,Poornimaf,36,655-05-7666,Entrepreneur,25546.26,2415.855,8,7,14,5,"Not Specified, Student Loan, Student Loan, Credit-Builder Loan, and Auto Loan",16,14,7.83,5.0,Standard,758.44,37.41820917,18 Years and 2 Months,NM,101.3286374,53.10459911,High_spent_Medium_value_payments,337.1522635,Standard,Standard
0x16ab,CUS_0xff4,February,,-500,655-05-7666,Entrepreneur,25546.26,,8,7,14,5,"Not Specified, Student Loan, Student Loan, Credit-Builder Loan, and Auto Loan",16,13,7.83,,Standard,758.44,29.71137554,18 Years and 3 Months,Yes,101.3286374,300.3232317,Low_spent_Small_value_payments,129.933631,Standard,Standard
0x16ac,CUS_0xff4,March,Poornimaf,37,655-05-7666,Entrepreneur,25546.26,2415.855,8,7,14,5,"Not Specified, Student Loan, Student Loan, Credit-Builder Loan, and Auto Loan",16,10,7.83,5.0,Standard,758.44,25.41361674,18 Years and 4 Months,Yes,101.3286374,91.21658676,Low_spent_Large_value_payments,319.0402759,Standard,Standard
0x16ad,CUS_0xff4,April,Poornimaf,37,655-05-7666,Entrepreneur,25546.26_,2415.855,8,7,14,5,"Not Specified, Student Loan, Student Loan, Credit-Builder Loan, and Auto Loan",16,10,7.83,,Standard,758.44,35.94627822,18 Years and 5 Months,Yes,101.3286374,83.71475049,High_spent_Medium_value_payments,306.5421121,Standard,Standard
0x16ae,CUS_0xff4,May,Poornimaf,37,655-05-7666,Entrepreneur,25546.26,2415.855,8,7,14,5,"Not Specified, Student Loan, Student Loan, Credit-Builder Loan, and Auto Loan",16,13,7.83,5.0,_,758.44,28.27742001,18 Years and 6 Months,Yes,101.3286374,311.9993475,Low_spent_Small_value_payments,118.2575152,Standard,Standard
0x16af,CUS_0xff4,June,Poornimaf,37,655-05-7666,Entrepreneur,25546.26,2415.855,8,7,14,5,"Not Specified, Student Loan, Student Loan, Credit-Builder Loan, and Auto Loan",16,10,7.83,5.0,_,758.44,34.58659949,,Yes,101.3286374,61.73074847,High_spent_Small_value_payments,338.5261142,Standard,Standard
0x16b0,CUS_0xff4,July,Poornimaf,37,655-05-7666,Entrepreneur,25546.26,2415.855,8,7,14,5,"Not Specified, Student Loan, Student Loan, Credit-Builder Loan, and Auto Loan",16,14,10.83,5.0,Standard,758.44,30.09906724,18 Years and 8 Months,Yes,101.3286374,130.3003938,Low_spent_Small_value_payments,299.9564689,Standard,Standard
0x16b1,CUS_0xff4,August,Poornimaf,37,655-05-7666,Entrepreneur,25546.26,2415.855,8,7,14,5_,"Not Specified, Student Loan, Student Loan, Credit-Builder Loan, and Auto Loan",15,13_,7.83,5.0,Standard,758.44,39.3334879,18 Years and 9 Months,Yes,101.3286374,189.8158613,Low_spent_Medium_value_payments,230.4410013,Standard,Standard
0x16b6,CUS_0x33d2,January,Chalmersa,30,965-46-2491,Scientist,31993.78,2942.148333,6,6,7,2,"Payday Loan, and Home Equity Loan",8,14,6.28,0.0,Standard,818.22,25.36959679,16 Years and 10 Months,Yes,45.14129822,81.99883506,Low_spent_Medium_value_payments,447.0747001,Standard,Standard
0x16b7,CUS_0x33d2,February,Chalmersa,30,965-46-2491,Scientist,31993.78,2942.148333,6,6,7,2,"Payday Loan, and Home Equity Loan",12,14,6.28,0.0,Standard,818.22,37.95856941,16 Years and 11 Months,Yes,45.14129822,__10000__,Low_spent_Small_value_payments,157.8698035,Standard,Standard
0x16b8,CUS_0x33d2,March,Chalmersa,181,965-46-2491,Scientist,31993.78,2942.148333,6,6,7,2,"Payday Loan, and Home Equity Loan",8,14,10.28,1.0,Standard,818.22,27.38010905,17 Years and 0 Months,Yes,45.14129822,264.2570885,Low_spent_Small_value_payments,274.8164466,Standard,Standard
0x16b9,CUS_0x33d2,April,Chalmersa,30_,965-46-2491,Scientist,31993.78,2942.148333,6,6,7,2,"Payday Loan, and Home Equity Loan",8,14,6.28,1.0,_,818.22,34.15826212,17 Years and 1 Months,Yes,45.14129822,152.4523259,Low_spent_Medium_value_payments,376.6212092,Standard,Standard
0x16ba,CUS_0x33d2,May,Chalmersa,30,965-46-2491,Scientist,31993.78,2942.148333,6,6,7,2,"Payday Loan, and Home Equity Loan",8,14_,6.28,1.0,Standard,818.22,30.7880388,17 Years and 2 Months,Yes,45.14129822,43.47040867,High_spent_Medium_value_payments,455.6031264,Standard,Standard
0x16bb,CUS_0x33d2,June,Chalmersa,31,965-46-2491,Scientist,31993.78,,6,6,7,2_,"Payday Loan, and Home Equity Loan",8,14,6.28,1.0,Standard,818.22,34.28096872,17 Years and 3 Months,Yes,45.14129822,112.7238874,High_spent_Small_value_payments,396.3496477,Standard,Standard
0x16bc,CUS_0x33d2,July,Chalmersa,31,965-46-2491,Scientist,31993.78,,6,6,7,-100,"Payday Loan, and Home Equity Loan",8,16,6.28,1.0,Standard,818.22,29.50345427,17 Years and 4 Months,Yes,45.14129822,104.5572362,High_spent_Small_value_payments,404.5162989,Standard,Standard
0x16bd,CUS_0x33d2,August,Chalmersa,31,#F%$D@*&8,Scientist,31993.78,2942.148333,6,6,7,2,"Payday Loan, and Home Equity Loan",8,16,6.28,1.0,Standard,818.22,36.01279377,17 Years and 5 Months,Yes,45.14129822,97.58820324,Low_spent_Large_value_payments,421.4853319,Standard,Standard
0x16c2,CUS_0x6070,January,Parkm,20,891-55-9364,Accountant,92047.08,,6,7,16,0,,16,11,9.13,0.0,Standard,1296.64,37.11561494,29 Years and 2 Months,Yes,0.0,154.6341231,!@9#%8,854.5248769,Standard,Standard
0x16c3,CUS_0x6070,February,,20,891-55-9364,Accountant,92047.08_,7591.59,6,7,16,0,,16,11,9.13,4.0,Standard,1296.64,39.46775837,29 Years and 3 Months,Yes,0.0,710.4953807,Low_spent_Medium_value_payments,328.6636193,Standard,Standard
0x16c4,CUS_0x6070,March,Parkm,20,891-55-9364,Accountant,92047.08,7591.59,6,7,16,0,,18,11,9.13,4.0,_,1296.64,27.79278836,29 Years and 4 Months,Yes,0.0,175.4456227,High_spent_Large_value_payments,823.7133773,Standard,Poor
0x16c5,CUS_0x6070,April,Parkm,20,891-55-9364,Accountant,92047.08,7591.59,6,7,16,0_,,16,11,9.13,4.0,Standard,1296.64,42.94468168,,Yes,0.0,120.9075538,High_spent_Large_value_payments,878.2514462,Poor,Poor
0x16c6,CUS_0x6070,May,Parkm,20,#F%$D@*&8,Accountant,92047.08,7591.59,6,7,16,0,,16,8,9.13,4.0,Standard,1296.64,34.35765024,29 Years and 6 Months,NM,0.0,78.71934549,High_spent_Large_value_payments,920.4396545,Poor,Poor
0x16c7,CUS_0x6070,June,Parkm,20,891-55-9364,Accountant,92047.08,7591.59,6,7,16,0,,16,13,13.13,4.0,Standard,1296.64,28.77693774,,Yes,0.0,266.5850272,Low_spent_Small_value_payments,782.5739728,Poor,Poor
0x16c8,CUS_0x6070,July,,20,891-55-9364,Accountant,92047.08,7591.59,6,7,16,0,,16,10,9.13,4.0,_,1296.64,40.75852164,29 Years and 8 Months,Yes,0.0,59.28557023,High_spent_Large_value_payments,939.8734298,Poor,Poor
0x16c9,CUS_0x6070,August,Parkm,20,891-55-9364,Accountant,92047.08,7591.59,6,7,16,0,,16,11,9.13,4.0,Standard,1296.64,27.72764678,29 Years and 9 Months,Yes,0.0,268.0846033,Low_spent_Large_value_payments,761.0743967,Poor,Poor
0x16ce,CUS_0xfdb,January,Patrickg,45,928-91-4452,Teacher,32284.62,2898.385,6,7,17,6,"Credit-Builder Loan, Not Specified, Mortgage Loan, Payday Loan, Credit-Builder Loan, and Personal Loan",11,12,9.22,8.0,Standard,1283.37,28.94089259,6 Years and 5 Months,Yes,103.0375604,254.8616151,Low_spent_Medium_value_payments,211.9393246,Standard,Standard
0x16cf,CUS_0xfdb,February,Patrickg,46,928-91-4452,Teacher,32284.62,2898.385,6,7,17,6,"Credit-Builder Loan, Not Specified, Mortgage Loan, Payday Loan, Credit-Builder Loan, and Personal Loan",11,12,9.22,8.0,Standard,1283.37,27.86131019,6 Years and 6 Months,Yes,103.0375604,103.2103074,Low_spent_Large_value_payments,353.5906322,Standard,Standard
0x16d0,CUS_0xfdb,March,Patrickg,46,928-91-4452,Teacher,32284.62,2898.385,6,7,17,6,"Credit-Builder Loan, Not Specified, Mortgage Loan, Payday Loan, Credit-Builder Loan, and Personal Loan",10,12,9.22,8.0,Standard,1283.37,27.88169704,6 Years and 7 Months,Yes,103.0375604,35.79356841,High_spent_Large_value_payments,391.0073712,Standard,Standard
0x16d1,CUS_0xfdb,April,Patrickg,46,928-91-4452,Teacher,32284.62,2898.385,6,7,17,6,"Credit-Builder Loan, Not Specified, Mortgage Loan, Payday Loan, Credit-Builder Loan, and Personal Loan",11,12,9.22,8.0,Standard,1283.37,38.39455822,6 Years and 8 Months,Yes,103.0375604,280.2182538,Low_spent_Small_value_payments,196.5826859,Standard,Standard
0x16d2,CUS_0xfdb,May,Patrickg,46,928-91-4452,Teacher,32284.62,2898.385,6,7,17,6,"Credit-Builder Loan, Not Specified, Mortgage Loan, Payday Loan, Credit-Builder Loan, and Personal Loan",15,,8.22,10.0,_,1283.37,33.23978443,6 Years and 9 Months,Yes,103.0375604,154.0197492,High_spent_Small_value_payments,292.7811904,Standard,Standard
0x16d3,CUS_0xfdb,June,Patrickg,46,928-91-4452,Teacher,32284.62,2898.385,6,7,17,6,"Credit-Builder Loan, Not Specified, Mortgage Loan, Payday Loan, Credit-Builder Loan, and Personal Loan",11,12_,8.22,10.0,Standard,1283.37,26.87446741,6 Years and 10 Months,Yes,103.0375604,272.2735499,Low_spent_Small_value_payments,204.5273897,Standard,Standard
0x16d4,CUS_0xfdb,July,Patrickg,46,928-91-4452,Teacher,32284.62,2898.385,6,7,17,6,"Credit-Builder Loan, Not Specified, Mortgage Loan, Payday Loan, Credit-Builder Loan, and Personal Loan",7,,9.22,10.0,Standard,1283.37_,24.2055332,6 Years and 11 Months,Yes,103.0375604,__10000__,Low_spent_Small_value_payments,85.90209493,Standard,Standard
0x16d5,CUS_0xfdb,August,Patrickg,46,928-91-4452,Teacher,32284.62,2898.385,6,7,17,6,"Credit-Builder Loan, Not Specified, Mortgage Loan, Payday Loan, Credit-Builder Loan, and Personal Loan",13,12,2.22,10.0,Standard,1283.37,27.93012371,7 Years and 0 Months,Yes,103.0375604,359.7718323,Low_spent_Small_value_payments,117.0291074,Standard,Standard
0x16da,CUS_0x3553,January,Laurence Frosty,26,084-25-3745,Musician,97791.42,8079.285,6,6,12,0_,,18,8,17.92,1.0,Standard,107.41,25.71557884,27 Years and 2 Months,Yes,0.0,451.2465194,Low_spent_Small_value_payments,646.6819806,Standard,Standard
0x16db,CUS_0x3553,February,Laurence Frosty,26,084-25-3745,Musician,97791.42,8079.285,6,6,12,0,,18,8,11.92,1.0,_,107.41,28.71120252,27 Years and 3 Months,Yes,0.0,322.7203197,Low_spent_Large_value_payments,755.2081803,Standard,Standard
0x16dc,CUS_0x3553,March,Laurence Frosty,26,084-25-3745,Musician,97791.42,8079.285,6,6,12,0,,18,7,17.92,1.0,_,107.41,34.92287233,27 Years and 4 Months,Yes,0.0,176.2642258,High_spent_Medium_value_payments,881.6642742,Standard,Standard
0x16dd,CUS_0x3553,April,Laurence Frosty,26,084-25-3745,Musician,97791.42,,6,6,12,0,,19,8,15.92,1.0,Standard,107.41,26.51363149,27 Years and 5 Months,Yes,629.8156531,499.24502,Low_spent_Medium_value_payments,588.68348,Good,Good
0x16de,CUS_0x3553,May,Laurence Frosty,26,084-25-3745,Musician,97791.42,7449.469347,6,6,12,0,,18,,17.92,1.0,_,107.41,38.64911431,27 Years and 6 Months,Yes,629.8156531,77.60922834,High_spent_Large_value_payments,970.3192717,Good,Good
0x16df,CUS_0x3553,June,Laurence Frosty,26,084-25-3745,Musician,97791.42,7449.469347,6,6,12,0,,16,8,17.92,1.0,Standard,107.41,44.67688859,27 Years and 7 Months,Yes,629.8156531,108.3039386,High_spent_Large_value_payments,939.6245614,Good,Good
0x16e0,CUS_0x3553,July,Laurence Frosty,26,084-25-3745,Musician,97791.42,7449.469347,6,6,12,0,,18,8,13.92,1.0,Standard,107.41,28.80734982,27 Years and 8 Months,Yes,629.8156531,743.5408013,!@9#%8,334.3876987,Standard,Standard
0x16e1,CUS_0x3553,August,Laurence Frosty,26,084-25-3745,Musician,97791.42_,7449.469347,6,6,12,0,,18,8,17.92,1.0,Standard,107.41,33.8944426,27 Years and 9 Months,Yes,629.8156531,110.3182036,High_spent_Medium_value_payments,947.6102964,Good,Good
0x16e6,CUS_0x4100,January,Reema,31,068-83-4394,Entrepreneur,19300.34,1512.361667,6,7,17,5,"Mortgage Loan, Debt Consolidation Loan, Payday Loan, Auto Loan, and Not Specified",52,,9.95,7.0,Bad,2430.21,29.93418573,18 Years and 2 Months,Yes,49.57206224,79.17641583,Low_spent_Small_value_payments,312.4876886,Poor,Poor
0x16e7,CUS_0x4100,February,Reema,31,068-83-4394,Entrepreneur,19300.34,1512.361667,6,7,17,5,"Mortgage Loan, Debt Consolidation Loan, Payday Loan, Auto Loan, and Not Specified",51,18,9.95,7.0,Bad,2430.21,36.64120358,18 Years and 3 Months,NM,49.57206224,55.29821299,High_spent_Small_value_payments,306.3658914,Poor,Poor
0x16e8,CUS_0x4100,March,Reema,31,068-83-4394,Entrepreneur,19300.34,1512.361667,6,7,17,5,"Mortgage Loan, Debt Consolidation Loan, Payday Loan, Auto Loan, and Not Specified",48,19,15.95,7.0,_,2430.21,37.62486247,,Yes,49.57206224,140.8185959,Low_spent_Large_value_payments,230.8455085,Poor,Poor
0x16e9,CUS_0x4100,April,Reema,31,#F%$D@*&8,Entrepreneur,19300.34,1512.361667,6,7,17,5,"Mortgage Loan, Debt Consolidation Loan, Payday Loan, Auto Loan, and Not Specified",51,19,9.95,7.0,Bad,2430.21,28.87038692,18 Years and 5 Months,Yes,49.57206224,61.42802987,High_spent_Small_value_payments,300.2360745,Standard,Standard
0x16ea,CUS_0x4100,May,Reema,32,068-83-4394,Entrepreneur,19300.34,1512.361667,6,7,17,5,"Mortgage Loan, Debt Consolidation Loan, Payday Loan, Auto Loan, and Not Specified",51,19,9.95,7.0,Bad,2430.21,28.05884596,,Yes,49.57206224,173.0425508,Low_spent_Small_value_payments,218.6215536,Poor,Poor
0x16eb,CUS_0x4100,June,Reema,32,#F%$D@*&8,_______,19300.34,1512.361667,6,1029,17,5,"Mortgage Loan, Debt Consolidation Loan, Payday Loan, Auto Loan, and Not Specified",51,17,9.95,8.0,Bad,2430.21,25.84779062,18 Years and 7 Months,Yes,49.57206224,83.44744883,Low_spent_Large_value_payments,288.2166556,Poor,Poor
0x16ec,CUS_0x4100,July,Reema,32,068-83-4394,Entrepreneur,19300.34,,6,7,17,5_,"Mortgage Loan, Debt Consolidation Loan, Payday Loan, Auto Loan, and Not Specified",51,19,8.95,8.0,_,2430.21,25.84314494,18 Years and 8 Months,Yes,56566.0,120.9754899,Low_spent_Large_value_payments,250.6886146,Poor,Poor
0x16ed,CUS_0x4100,August,Reema,32,#F%$D@*&8,Entrepreneur,19300.34,1512.361667,6,7,17,5,"Mortgage Loan, Debt Consolidation Loan, Payday Loan, Auto Loan, and Not Specified",53,19,9.95,8.0,Bad,2430.21,23.70919322,18 Years and 9 Months,Yes,49.57206224,118.1855507,Low_spent_Medium_value_payments,263.4785537,Standard,Standard
0x16f2,CUS_0x132f,January,,41,#F%$D@*&8,Musician,19514.88,1828.24,7,5,17,0,,30,12,4.17,2.0,_,881.4,26.08454275,19 Years and 3 Months,NM,0.0,50.14372714,High_spent_Medium_value_payments,382.6802729,Standard,Standard
0x16f3,CUS_0x132f,February,Mark Felsenthald,41,561-60-9294,Musician,19514.88,1828.24,7,5,17,0,,30,14,4.17,2.0,_,881.4,25.66585678,19 Years and 4 Months,No,0.0,__10000__,High_spent_Large_value_payments,381.8960652,Standard,Poor
0x16f4,CUS_0x132f,March,,41,561-60-9294,Musician,19514.88,1828.24,7,5,17,0,,30,12,4.17,2.0,Standard,881.4,33.66946005,19 Years and 5 Months,No,0.0,43.31582446,High_spent_Medium_value_payments,389.5081755,Standard,Standard
0x16f5,CUS_0x132f,April,,41,561-60-9294,Musician,19514.88,1828.24,7,488,17,0,,30,12,4.17,2.0,Standard,881.4,34.50370724,19 Years and 6 Months,No,0.0,45.38882031,High_spent_Medium_value_payments,387.4351797,Poor,Standard
0x16f6,CUS_0x132f,May,Mark Felsenthald,41,561-60-9294,Musician,19514.88,,7,5,17,0,,30,,4.17,2.0,Standard,881.4,41.1763842,19 Years and 7 Months,No,0.0,168.3414629,Low_spent_Small_value_payments,304.4825371,Poor,Poor
0x16f7,CUS_0x132f,June,Mark Felsenthald,41,#F%$D@*&8,_______,19514.88,,7,5,17,0,,30,12,4.17,2.0,Standard,881.4,38.78807246,19 Years and 8 Months,No,0.0,151.3776398,Low_spent_Small_value_payments,321.4463602,Poor,Poor
0x16f8,CUS_0x132f,July,Mark Felsenthald,41,561-60-9294,Musician,19514.88,1828.24,7,5,17,0,,30,15,4.17,2.0,Standard,881.4,27.18248277,19 Years and 9 Months,No,0.0,184.63116,Low_spent_Medium_value_payments,278.19284,Poor,Poor
0x16f9,CUS_0x132f,August,Mark Felsenthald,41,561-60-9294,Musician,19514.88,,7,5,5240,0,,26,11,4.17,4.0,_,881.4,28.78188778,19 Years and 10 Months,No,0.0,99.14154149,High_spent_Small_value_payments,343.6824585,Poor,Poor
0x16fe,CUS_0xa16e,January,Lee Chyenz,41,905-50-7912,Media_Manager,10183.015,,7,5,17,5,"Credit-Builder Loan, Mortgage Loan, Mortgage Loan, Credit-Builder Loan, and Student Loan",48,,8.97,6.0,Bad,1672.43,25.95127289,10 Years and 1 Months,Yes,37.58807284,14.62273924,High_spent_Large_value_payments,295.2476463,Poor,Poor
0x16ff,CUS_0xa16e,February,Lee Chyenz,41,905-50-7912,Media_Manager,10183.015,1074.584583,7,5,17,5,"Credit-Builder Loan, Mortgage Loan, Mortgage Loan, Credit-Builder Loan, and Student Loan",48,18,7.97,6.0,Bad,1672.43,32.38559762,10 Years and 2 Months,NM,37.58807284,92.36195002,Low_spent_Small_value_payments,267.5084355,Poor,Poor
0x1700,CUS_0xa16e,March,Lee Chyenz,41,905-50-7912,Media_Manager,10183.015,1074.584583,7,5,17,5,"Credit-Builder Loan, Mortgage Loan, Mortgage Loan, Credit-Builder Loan, and Student Loan",48,23,7.97,6.0,Bad,1672.43,23.73134791,10 Years and 3 Months,Yes,37.58807284,91.88397194,Low_spent_Small_value_payments,267.9864136,Poor,Poor
0x1701,CUS_0xa16e,April,Lee Chyenz,41,905-50-7912,Media_Manager,10183.015,1074.584583,7,5,17,5,"Credit-Builder Loan, Mortgage Loan, Mortgage Loan, Credit-Builder Loan, and Student Loan",43,20,7.97,6.0,_,1672.43,27.61417778,10 Years and 4 Months,Yes,37.58807284,46.81041575,High_spent_Small_value_payments,283.0599697,Standard,Standard
0x1702,CUS_0xa16e,May,Lee Chyenz,41,905-50-7912,Media_Manager,10183.015,1074.584583,7,5,17,5,"Credit-Builder Loan, Mortgage Loan, Mortgage Loan, Credit-Builder Loan, and Student Loan",51,,7.97,6.0,Bad,1672.43,32.29348991,10 Years and 5 Months,Yes,37.58807284,65.83126164,!@9#%8,294.0391239,Poor,Poor
0x1703,CUS_0xa16e,June,Lee Chyenz,42,905-50-7912,_______,10183.015,1074.584583,7,5,17,5,"Credit-Builder Loan, Mortgage Loan, Mortgage Loan, Credit-Builder Loan, and Student Loan",48,24,10.97,1050.0,Bad,1672.43,25.10540255,10 Years and 6 Months,Yes,37.58807284,73.89986104,Low_spent_Small_value_payments,285.9705245,Poor,Poor
0x1704,CUS_0xa16e,July,Lee Chyenz,42,905-50-7912,Media_Manager,10183.015,1074.584583,7,5,17,5,"Credit-Builder Loan, Mortgage Loan, Mortgage Loan, Credit-Builder Loan, and Student Loan",52,21,7.97,6.0,_,1672.43,24.71382399,10 Years and 7 Months,Yes,37.58807284,61.86372758,Low_spent_Small_value_payments,298.0066579,Poor,Poor
0x1705,CUS_0xa16e,August,Lee Chyenz,42,905-50-7912,Media_Manager,10183.015_,1074.584583,7,5,17,5,"Credit-Builder Loan, Mortgage Loan, Mortgage Loan, Credit-Builder Loan, and Student Loan",48,21,7.97,6.0,Bad,1672.43,36.83702882,10 Years and 8 Months,Yes,37.58807284,71.12274735,Low_spent_Small_value_payments,288.7476381,Poor,Poor
0x170a,CUS_0xac86,January,,19,028-16-4402,Entrepreneur,106733.13,8873.4275,4,4,1,0,,10,8_,0.86,0.0,_,76.23,29.81589563,32 Years and 9 Months,No,0.0,388.3603537,Low_spent_Large_value_payments,768.9823963,Good,Good
0x170b,CUS_0xac86,February,Nickb,20,028-16-4402,Entrepreneur,106733.13,8873.4275,4,4,1,0,,5,7,_,0.0,_,76.23,28.10808629,32 Years and 10 Months,No,0.0,807.2067768,Low_spent_Small_value_payments,370.1359732,Good,Good
0x170c,CUS_0xac86,March,Nickb,20,#F%$D@*&8,Entrepreneur,106733.13,8873.4275,4,4,4975,0,,2,6,0.86,0.0,Good,76.23,42.0704586,32 Years and 11 Months,No,0.0,172.0328285,High_spent_Large_value_payments,955.3099215,Good,Good
0x170d,CUS_0xac86,April,Nickb,20,028-16-4402,Entrepreneur,106733.13,,4,4,1,0,,5,7,-4.14,0.0,Good,76.23,25.84254794,33 Years and 0 Months,No,0.0,644.2873937,Low_spent_Large_value_payments,513.0553563,Good,Good
0x170e,CUS_0xac86,May,Nickb,20,028-16-4402,Entrepreneur,106733.13_,8873.4275,4,4,1,-100,,5,6,0.86,0.0,Good,76.23,28.82055378,33 Years and 1 Months,No,0.0,345.6091354,High_spent_Medium_value_payments,791.7336146,Good,Good
0x170f,CUS_0xac86,June,Nickb,20,028-16-4402,Entrepreneur,106733.13,8873.4275,4,4,1,0,,5,6,-0.14,0.0,Good,76.23,31.7276036,,No,0.0,,High_spent_Medium_value_payments,913.0316547,Standard,Standard
0x1710,CUS_0xac86,July,Nickb,20,028-16-4402,Entrepreneur,106733.13,8873.4275,4,4,1,0,,9,4,0.86,1.0,_,76.23,43.66511841,,No,0.0,191.0353726,High_spent_Large_value_payments,936.3073774,Standard,Standard
0x1711,CUS_0xac86,August,,20,028-16-4402,Entrepreneur,106733.13,8873.4275,4,4,1,0,,7,6,0.86,1.0,Good,76.23,39.24363978,33 Years and 4 Months,No,0.0,384.7637248,!@9#%8,792.5790252,Standard,Standard
0x1716,CUS_0x5b48,January,,31_,706-95-0150,Lawyer,12600.445,782.0370833,5,5,10,-100,"Not Specified, Student Loan, and Student Loan",28,19,15.79,7.0,_,569.8,33.07588357,12 Years and 3 Months,Yes,26.06034753,0,High_spent_Large_value_payments,284.2982045,Standard,Standard
0x1717,CUS_0x5b48,February,McBrideq,31,706-95-0150,Lawyer,12600.445,782.0370833,5,5,10,-100,"Not Specified, Student Loan, and Student Loan",25,18,15.79,7.0,Standard,569.8,38.15374126,12 Years and 4 Months,Yes,26.06034753,103.1586179,Low_spent_Small_value_payments,238.9847429,Standard,Standard
0x1718,CUS_0x5b48,March,,31,706-95-0150,Lawyer,12600.445,782.0370833,5,5,10,3,"Not Specified, Student Loan, and Student Loan",25,16,15.79,7.0,Standard,569.8,23.17983274,12 Years and 5 Months,Yes,26.06034753,32.02630794,Low_spent_Small_value_payments,310.1170529,Standard,Standard
0x1719,CUS_0x5b48,April,,32,706-95-0150,_______,12600.445,782.0370833,5,5,10,3,"Not Specified, Student Loan, and Student Loan",25,18,15.79,,Standard,569.8,28.81940706,12 Years and 6 Months,Yes,33746.0,31.14919791,Low_spent_Medium_value_payments,300.9941629,Poor,Poor
0x171a,CUS_0x5b48,May,McBrideq,32,706-95-0150,Lawyer,12600.445_,782.0370833,5,5,10,3,"Not Specified, Student Loan, and Student Loan",20,19,15.79,7.0,Standard,569.8,37.24021434,12 Years and 7 Months,Yes,26.06034753,41.0826367,Low_spent_Small_value_payments,301.0607241,Poor,Poor
0x171b,CUS_0x5b48,June,McBrideq,32,706-95-0150,Lawyer,12600.445,782.0370833,5,5,10,3,"Not Specified, Student Loan, and Student Loan",25,19,15.79,7.0,Standard,569.8,36.52748004,12 Years and 8 Months,Yes,26.06034753,48.00806666,Low_spent_Small_value_payments,294.1352941,Poor,Poor
0x171c,CUS_0x5b48,July,McBrideq,32,706-95-0150,Lawyer,12600.445,782.0370833,5,5,10,3,"Not Specified, Student Loan, and Student Loan",25,20,21.79,7.0,Standard,569.8,34.12530593,,Yes,26.06034753,56.90889586,Low_spent_Medium_value_payments,275.2344649,Poor,Poor
0x171d,CUS_0x5b48,August,,32,706-95-0150,Lawyer,12600.445,782.0370833,5,5,10,3,"Not Specified, Student Loan, and Student Loan",25,19,15.79,11.0,Standard,569.8,31.97887352,12 Years and 10 Months,Yes,26.06034753,66.37358,Low_spent_Small_value_payments,275.7697808,Poor,Good
0x1722,CUS_0xa5f9,January,Rickt,34,189-09-5267,Mechanic,57983.12,4720.926667,9,8,31,8,"Payday Loan, Not Specified, Credit-Builder Loan, Debt Consolidation Loan, Payday Loan, Not Specified, Student Loan, and Student Loan",47,19,7.27,12.0,Bad,3532.83,32.32176946,,Yes,200.4326134,265.7062119,Low_spent_Small_value_payments,295.9538413,Poor,Poor
0x1723,CUS_0xa5f9,February,Rickt,34,189-09-5267,Mechanic,57983.12,,9,8,31,8,"Payday Loan, Not Specified, Credit-Builder Loan, Debt Consolidation Loan, Payday Loan, Not Specified, Student Loan, and Student Loan",53,21,7.27,1044.0,Bad,3532.83,37.87364187,12 Years and 3 Months,Yes,200.4326134,193.8733754,High_spent_Medium_value_payments,327.7866778,Standard,Standard
0x1724,CUS_0xa5f9,March,Rickt,34,189-09-5267,Mechanic,57983.12,4720.926667,9,8,31,8,"Payday Loan, Not Specified, Credit-Builder Loan, Debt Consolidation Loan, Payday Loan, Not Specified, Student Loan, and Student Loan",48,,7.27,17.0,Bad,3532.83,37.81024309,12 Years and 4 Months,Yes,200.4326134,534.3581784,Low_spent_Small_value_payments,27.30187488,Poor,Poor
0x1725,CUS_0xa5f9,April,Rickt,34,189-09-5267,Mechanic,57983.12,,9,8,31,8,"Payday Loan, Not Specified, Credit-Builder Loan, Debt Consolidation Loan, Payday Loan, Not Specified, Student Loan, and Student Loan",48,22,7.27,17.0,_,3532.83,32.56739684,12 Years and 5 Months,Yes,200.4326134,197.6404955,High_spent_Medium_value_payments,324.0195577,Poor,Poor
0x1726,CUS_0xa5f9,May,Rickt,34,#F%$D@*&8,Mechanic,57983.12,4720.926667,9,8,31,8,"Payday Loan, Not Specified, Credit-Builder Loan, Debt Consolidation Loan, Payday Loan, Not Specified, Student Loan, and Student Loan",48,21,10.27,17.0,Bad,3532.83,37.28428974,12 Years and 6 Months,Yes,200.4326134,205.2501523,Low_spent_Small_value_payments,356.409901,Poor,Poor
